﻿"part_id";"gndr";"height";"weight_ms";"weight_dc";"dob";"collect_date";"prg_ever";"empty";"opentext"
"ID001";"Male";"191";"63";;"3/22/1990";"2020-06-01 00:00:00 UTC";"-7";;"All children, except one, grow up. They soon know that they will"
"ID002";"Female";"176";;"65";"8/15/2001";"2022-01-24 10:35:00 UTC";"0";;"grow up, and the way Wendy knew was this. One day when she was two"
"ID003";"Female";"154";;"121";"12/17/1996";"2020-08-04 00:00:00 UTC";"2";;"years old she was playing in a garden, and she plucked another"
"ID004";"Female";"167";"-88";;"6/13/1990";"2022-03-20 16:01:00 UTC";"1";;"flower and ran with it to her mother. I suppose she must have looked"
"ID005";"Female";"185";;"45";"12/17/1996";"2020-05-04 00:00:00 UTC";"8";;"rather delightful, for Mrs. Darling put her hand to her heart and"
"ID006";"-77";"171";"57";;"3/31/1981";"2021-11-01 10:50:00 UTC";"-7";;"cried, Oh, why can't you remain like this for ever! This was all"
"ID007";"Female";"185";;"58";"4/19/1988";"2022-04-19 15:00:00 UTC";"9";;"that passed between them on the subject, but henceforth Wendy knew"
"ID008";"Female";"171";;"59";;"2021-11-15 08:53:00 UTC";"2";;"that she must grow up. You always know after you are two. Two is the"
"ID009";"-77";"169";"52";;"3/14/1976";"2022-03-29 09:32:00 UTC";"-7";;"beginning of the end."
"ID010";"Male";"179";;"62";"10/19/1993";"2022-03-28 14:12:00 UTC";"-7";;"All children, except one, grow up. They soon know that they will"
"ID011";"Female";"175";"67";;"6/19/2001";"2020-09-24 10:01:00 UTC";"1";;"grow up, and the way Wendy knew was this. One day when she was two"
"ID012";"Male";"150";;"84";"2/24/1961";"2022-02-01 07:11:00 UTC";"-7";;"years old she was playing in a garden, and she plucked another"
"ID013";"Male";"156";;"82";"8/17/1996";"2020-07-27 00:00:00 UTC";"-7";;"flower and ran with it to her mother. I suppose she must have looked"
"ID014";"Male";"153";"59";;"2/13/1975";"2021-10-24 09:01:00 UTC";"-7";;"rather delightful, for Mrs. Darling put her hand to her heart and"
"ID015";"Female";"180";"95";;"11/18/1985";"2022-05-02 08:53:00 UTC";"0";;"All children, except one, grow up. They soon know that they will"
"ID016";"Male";"159";;"62";;"2021-12-20 10:33:00 UTC";"-7";;"grow up, and the way Wendy knew was this. One day when she was two"
"ID017";"Female";"181";"-88";;"9/18/1970";"2022-06-08 13:40:00 UTC";"0";;"All children, except one, grow up. They soon know that they will"
"ID018";"Male";"164";;"142";"9/22/1960";"2020-05-25 07:26:00 UTC";"-7";;"grow up, and the way Wendy knew was this. One day when she was two"
"ID019";"Male";"173";;"72";"12/15/1995";"2020-12-07 00:00:00 UTC";"-7";;"years old she was playing in a garden, and she plucked another"
"ID020";"Female";"154";;"82";"7/24/1994";"2020-12-28 00:00:00 UTC";"2";;"flower and ran with it to her mother. I suppose she must have looked"
"ID021";"-77";"171";"54";;"11/16/1991";"2020-08-24 00:00:00 UTC";"-7";;"rather delightful, for Mrs. Darling put her hand to her heart and"
"ID022";"Female";"166";"43";;"4/21/1994";"2022-05-30 14:41:00 UTC";"9";;"cried, Oh, why can't you remain like this for ever! This was all"
"ID023";"Male";"168";"59";;"6/14/1962";"2022-04-06 10:34:00 UTC";"-7";;"that passed between them on the subject, but henceforth Wendy knew"
"ID024";"Female";"196";;"95";"3/18/1969";"2020-09-15 14:26:00 UTC";"1";;"that she must grow up. You always know after you are two. Two is the"
"ID025";"Female";"151";;"84";"2/21/1988";"2021-12-07 07:05:00 UTC";"2";;"beginning of the end."
"ID026";"Male";"154";"52";;"6/19/1971";"2022-03-28 16:26:00 UTC";"-7";;"cried, Oh, why can't you remain like this for ever! This was all"
"ID027";"-77";"180";;"62";"4/20/1961";"2020-12-21 10:13:00 UTC";"-7";;"that passed between them on the subject, but henceforth Wendy knew"
"ID028";"Female";"156";;"53";"6/14/1962";"2020-12-10 09:20:00 UTC";"0";;"All children, except one, grow up. They soon know that they will"
"ID029";"Male";"171";"47";;"7/22/1984";"2020-11-02 00:00:00 UTC";"-7";;"All children, except one, grow up. They soon know that they will"
"ID030";"Female";"180";;"45";"8/16/1983";"2021-11-05 10:40:00 UTC";"1";;"All children, except one, grow up. They soon know that they will"
"ID031";"Female";"177";;"85";"6/26/1967";"2022-03-14 11:45:00 UTC";"2";;"grow up, and the way Wendy knew was this. One day when she was two"
"ID032";"Female";"168";;"65";"6/14/1962";"2020-05-24 00:00:00 UTC";"0";;"years old she was playing in a garden, and she plucked another"
"ID033";"Male";"170";"95";;"10/13/2002";"2022-03-21 10:33:00 UTC";"-7";;"flower and ran with it to her mother. I suppose she must have looked"
"ID034";"Female";"154";"54";;"6/14/1962";"2022-03-05 11:44:00 UTC";"8";;"rather delightful, for Mrs. Darling put her hand to her heart and"
"ID035";"-77";"197";"25";;"2/13/1964";"2020-09-28 00:00:00 UTC";"-7";;"cried, Oh, why can't you remain like this for ever! This was all"
"ID036";"Male";"174";"65";;"10/22/2001";"2020-12-01 09:15:00 UTC";"-7";;"that passed between them on the subject, but henceforth Wendy knew"
"ID037";"Female";"167";"95";;"5/28/1968";"2021-11-05 09:30:00 UTC";"9";;"that she must grow up. You always know after you are two. Two is the"
"ID038";"Male";"166";;"84";"6/25/1980";"2020-05-12 10:48:00 UTC";"-7";;"beginning of the end."
"ID039";"Male";"191";;"84";"12/24/1975";"2020-08-31 08:10:00 UTC";"-7";;"All children, except one, grow up. They soon know that they will"
"ID040";"Male";"196";"84";;"10/26/1998";"2021-11-05 11:48:00 UTC";"-7";;"grow up, and the way Wendy knew was this. One day when she was two"
"ID041";"Male";"171";;"75";"8/25/1966";"2020-09-20 00:00:00 UTC";"-7";;"years old she was playing in a garden, and she plucked another"
"ID042";"Female";"187";"95";;"3/28/1977";"2021-10-25 13:07:00 UTC";"9";;"flower and ran with it to her mother. I suppose she must have looked"
"ID043";"Female";"187";"62";;"2/18/1999";"2020-09-16 07:45:00 UTC";"0";;"All children, except one, grow up. They soon know that they will"
"ID044";"Male";"190";;"85";"12/16/1966";"2020-05-25 00:00:00 UTC";"-7";;"grow up, and the way Wendy knew was this. One day when she was two"
"ID045";"Male";"161";;"45";"06/12/1972";"2020-12-21 00:00:00 UTC";"-7";;"years old she was playing in a garden, and she plucked another"
"ID046";"Male";"191";"59";;"4/15/1967";"2020-05-04 00:00:00 UTC";"-7";;"flower and ran with it to her mother. I suppose she must have looked"
"ID047";"Female";"175";;"95";"12/17/1970";"2020-09-08 00:00:00 UTC";"0";;"rather delightful, for Mrs. Darling put her hand to her heart and"
"ID048";"Male";"189";;"85";"8/15/1992";"2021-12-08 16:20:00 UTC";"-7";;"cried, Oh, why can't you remain like this for ever! This was all"
"ID049";"Female";"181";"65";;"10/20/1987";"2020-11-18 10:21:00 UTC";"1";;"that passed between them on the subject, but henceforth Wendy knew"
"ID050";"Male";"149";;"52";"3/24/1969";"2020-08-17 00:00:00 UTC";"-7";;"that she must grow up. You always know after you are two. Two is the"
