﻿"index";"dataschema_variable";"valueType";"input_dataset";"input_variables";"Mlstr_harmo::rule_category";"Mlstr_harmo::algorithm";"Mlstr_harmo::status";"Mlstr_harmo::status_detail";"Mlstr_harmo::comment"
"1";"adm_unique_id";;"dataset_MELBOURNE";"id";"id_creation";"id_creation";"complete";"unknown";
"2";"adm_study";;"dataset_MELBOURNE";"__BLANK__";"paste";"""MELBOURNE""";"complete";"unknown";
"3";"adm_year_dce";;"dataset_MELBOURNE";"__BLANK__";"paste";"2007";"complete";"unknown";
"4";"sdc_age";;"dataset_MELBOURNE";"age";"recode";"recode(-888 = NA)";"complete";"unknown";
"5";"sdc_sex";;"dataset_MELBOURNE";"Gender";"direct_mapping";"direct_mapping";"complete";"unknown";
"6";"phy_height";;"dataset_MELBOURNE";"__BLANK__";"impossible";"impossible";"impossible";"unknown";
"7";"phy_weight";;"dataset_MELBOURNE";"__BLANK__";"impossible";"impossible";"impossible";"unknown";
"8";"phy_bmi";;"dataset_MELBOURNE";"BMI";"direct_mapping";"direct_mapping";"complete";"unknown";
"9";"rep_preg_ever";;"dataset_MELBOURNE";"__BLANK__";"impossible";"impossible";"impossible";"unknown";
"10";"rep_preg_curr";;"dataset_MELBOURNE";"prg_curr";"recode";"recode(0 = 0 ; 1 = 1 ; ELSE = NA)";"complete";"unknown";
"11";"lsb_smo_ever";;"dataset_MELBOURNE";"smo_status";"recode";"recode(1 = 0 ; 3 = 1 ; 2 = 1 ; ELSE = NA)";"complete";"unknown";
"12";"lsb_smo_curr";;"dataset_MELBOURNE";"smo_status";"recode";"recode(1 = 0 ; 3 = 0 ; 2 = 1 ; ELSE = NA)";"complete";"unknown";
"13";"lsb_smo_status";;"dataset_MELBOURNE";"smo_status";"recode";"recode(1 = 0 ; 3 = 1 ; 2 = 2 ; ELSE = NA)";"complete";"unknown";
"1";"adm_unique_id";;"dataset_PARIS";"ID";"id_creation";"id_creation";"complete";"unknown";
"2";"adm_study";;"dataset_PARIS";"__BLANK__";"paste";"""PARIS""";"complete";"unknown";
"3";"adm_year_dce";;"dataset_PARIS";"__BLANK__";"paste";"2015";"complete";"unknown";
"4";"sdc_age";;"dataset_PARIS";"AGE";"direct_mapping";"direct_mapping";"complete";"unknown";
"5";"sdc_sex";;"dataset_PARIS";"SEX";"recode";"recode(0 = 1 ; 1 = 2 ; ELSE = NA)";"complete";"unknown";
"6";"phy_height";;"dataset_PARIS";"__BLANK__";"impossible";"impossible";"impossible";"unknown";
"7";"phy_weight";;"dataset_PARIS";"__BLANK__";"impossible";"impossible";"impossible";"unknown";
"8";"phy_bmi";;"dataset_PARIS";"BMI";"direct_mapping";"direct_mapping";"complete";"unknown";
"9";"rep_preg_ever";;"dataset_PARIS";"PRG_EVER ; SEX";"case_when";"case_when(
    SEX == 0 ~ NA_character_ ;
    PRG_EVER == 0 ~ ""0"" ;
    PRG_EVER == 1 ~ ""1"" ;
    ELSE ~ NA_character_ )";"complete";"unknown";
"10";"rep_preg_curr";;"dataset_PARIS";"__BLANK__";"impossible";"impossible";"impossible";"unknown";
"11";"lsb_smo_ever";;"dataset_PARIS";"__BLANK__";"impossible";"impossible";"impossible";"unknown";
"12";"lsb_smo_curr";;"dataset_PARIS";"__BLANK__";"impossible";"impossible";"impossible";"unknown";
"13";"lsb_smo_status";;"dataset_PARIS";"__BLANK__";"impossible";"impossible";"impossible";"unknown";
"1";"adm_unique_id";;"dataset_TOKYO";"part_id";"id_creation";"id_creation";"complete";"unknown";
"2";"adm_study";;"dataset_TOKYO";"__BLANK__";"paste";"""TOKYO""";"complete";"unknown";
"3";"adm_year_dce";;"dataset_TOKYO";"__BLANK__";"paste";"2016";"complete";"unknown";
"4";"sdc_age";;"dataset_TOKYO";"dob";"operation";"2016 - lubridate::year(fabR::as_any_date(dob,""mdy""))";"complete";"unknown";
"5";"sdc_sex";;"dataset_TOKYO";"gndr";"recode";"recode(""Male"" = 1 ; ""Female"" = 2 ; ELSE = NA)";"complete";"unknown";
"6";"phy_height";;"dataset_TOKYO";"height";"direct_mapping";"direct_mapping";"complete";"unknown";
"7";"phy_weight";;"dataset_TOKYO";"weight_ms ; weight_dc";"case_when";"case_when(
    weight_ms == -88  ~ NA_real_ ;
    is.na(weight_ms) ~ weight_dc ;
    is.na(weight_dc)  ~ weight_ms ;
    ELSE ~ NA_real_ )";"complete";"unknown";
"8";"phy_bmi";;"dataset_TOKYO";"height ; weight_ms ; weight_dc";"case_when";"case_when( 
    weight_ms == -88  ~ NA_real_ ;
    is.na(weight_ms)  ~ as.numeric(weight_dc) / (as.numeric(height)/100)^2 ;
    is.na(weight_dc)   ~ as.numeric(weight_ms) / (as.numeric(height)/100)^2 ;
    ELSE ~ NA_real_ )";"complete";"unknown";
"9";"rep_preg_ever";;"dataset_TOKYO";"prg_ever";"recode";"recode(0 = 0 ; 1 = 1 ; 2 = 1 ; ELSE = NA)";"complete";"unknown";
"10";"rep_preg_curr";;"dataset_TOKYO";"prg_ever";"recode";"recode(0 = 0 ; 1 = 0 ; 2 = 1 ; ELSE = NA)";"complete";"unknown";
"11";"lsb_smo_ever";;"dataset_TOKYO";"__BLANK__";"impossible";"impossible";"impossible";"unknown";
"12";"lsb_smo_curr";;"dataset_TOKYO";"__BLANK__";"impossible";"impossible";"impossible";"unknown";
"13";"lsb_smo_status";;"dataset_TOKYO";"__BLANK__";"impossible";"impossible";"impossible";"unknown";
